{"cameraMode":{"drawMode":0,"name":"Shaded","section":"Shading Mode"},"sceneLighting":false,"audioPlay":false,"sceneViewState":{"m_AlwaysRefresh":false,"showFog":true,"showSkybox":false,"showFlares":true,"showImageEffects":true,"showParticleSystems":true,"showVisualEffectGraphs":true,"m_FxEnabled":true},"in2DMode":false,"pivot":{"x":1.8948920965194703,"y":4.965088844299316,"z":4.06917667388916},"rotation":{"x":-0.004060736391693354,"y":0.7361597418785095,"z":0.004417011514306068,"w":0.6767812371253967},"size":0.6062176823616028,"orthographic":false}